{"1": 1.9701290322580647, "2": 2.863464285714285, "3": 3.7071290322580643, "4": 4.831066666666667, "5": 5.633516129032258, "6": 6.171766666666667, "7": 6.135967741935484, "8": 5.364096774193548, "9": 4.3844666666666665, "10": 2.970064516129032, "11": 1.9803666666666668, "12": 1.594032258064516}